Category,Task,Status,Completed Date,Notes
Roles & Permissions,Supervisor & Technician roles added,Completed,2026-06-01,
Roles & Permissions,New Admin login with full permissions,Completed,2026-06-01,
Roles & Permissions,Owner no longer has Settings access,Completed,2026-06-01,
Roles & Permissions,Manager sees all locations / customers,Completed,2026-06-01,
Roles & Permissions,Supervisor has all-location access,Completed,2026-06-01,
Roles & Permissions,Username login instead of email,Completed,2026-06-01,
Roles & Permissions,Permissions matrix UI rebuilt,Completed,2026-06-01,
Roles & Permissions,Audit log (view user activity),Completed,2026-06-16,
Roles & Permissions,Manager can add parts but not edit,Pending,,To confirm / build
Roles & Permissions,Owner = view-only (cannot edit),Pending,,Needs decision - owner currently edits everything except Settings
Roles & Permissions,User permission glitch,Pending,,Needs reproduction details
Inventory,Per-location stock counts (high-level edit only),Completed,2026-06-01,
Inventory,Freeze top row across all table pages,Completed,2026-06-16,
Inventory,Active / Inactive status + toggle on parts,Completed,2026-06-15,
Inventory,Active / Inactive filter tab,Completed,2026-06-16,All / Active / Inactive tabs on parts catalogue
Inventory,Alert before deactivating a part that still has stock,Completed,2026-06-16,Warns if qty on hand in any location before deactivating
Parts & Pricing,Customer-supplies labour & Counter premium part-specific,Completed,2026-06-05,
Parts & Pricing,Vacation pay rate moved out of Pricing into Payroll,Completed,2026-06-05,
Parts & Pricing,Buy MHSW & Sell MHSW (two separate fields),Completed,2026-06-05,
Parts & Pricing,MHSW included in cost price and shown everywhere,Completed,2026-06-09,
Parts & Pricing,Sell MHSW -> cost -> margin -> list price order,Completed,2026-06-09,
Parts & Pricing,"Fields reordered: Buy MHSW, Sell MHSW, Cost",Completed,2026-06-09,
Parts & Pricing,List price = Over the Counter,Completed,2026-06-09,
Parts & Pricing,With Service = Total cost + Service charge,Completed,2026-06-09,
Parts & Pricing,Without Service = Linked labour + List price,Completed,2026-06-09,
Parts & Pricing,Renamed 'Counter premium' to 'Service charge',Completed,2026-06-09,
Parts & Pricing,'Over the Counter' naming applied,Completed,2026-06-09,
Parts & Pricing,Service charge can be a negative value,Completed,2026-06-09,
Parts & Pricing,Show MHSW on jobs and invoice,Completed,2026-06-09,
Parts & Pricing,Parts page performance / lag fixed,Completed,2026-06-09,
Parts & Pricing,Live duplicate detection on part number,Completed,2026-06-16,
Parts & Pricing,Bundled-in-package -> Without Service $0; re-add -> Over the Counter (checkbox),Completed,2026-06-16,
Parts & Pricing,Double-click a row to edit,Completed,2026-06-15,
Parts & Pricing,Up/down arrows removed from number inputs,Completed,2026-06-16,
Sales & Jobs,Separate Labour field on jobs,Completed,2026-06-05,
Sales & Jobs,Show Service (labour) cost items in new jobs,Completed,2026-06-05,
Sales & Jobs,"Price-tier choice on add part (with/without service, over counter)",Completed,2026-06-05,
Sales & Jobs,Advisor based on location,Completed,2026-06-05,
Sales & Jobs,Remove items from a package without changing price,Completed,2026-06-09,
Sales & Jobs,Editable qty / price on package items in job,Completed,2026-06-16,
Sales & Jobs,Staff can edit sales,Completed,2026-06-09,
Sales & Jobs,"Improved new-job search (plate, name, all phones) + labels",Completed,2026-06-15,
Sales & Jobs,Time selection picker (hour / minute / AM-PM),Completed,2026-06-01,
Sales & Jobs,Add oil types as job line items,Completed,2026-06-16,
Sales & Jobs,Multiple payment options per job,Completed,2026-06-16,
Sales & Jobs,Free option once-only within 30 days,Completed,2026-06-16,
Sales & Jobs,Free-grease no longer shows as outstanding / saves correctly,Completed,2026-06-09,
Sales & Jobs,Staff edit limited to same day + show last edit time & editor,Completed,2026-06-16,Staff/technician blocked from editing after creation day (Toronto); 'Last edited ... by ...' shown on job
Sales & Jobs,Allow negative unit price on a sales line,Completed,2026-06-16,Dropped the unit_price >= 0 check (mig 0091); inputs + schema allow negatives for discount/credit lines
Sales & Jobs,Enter key should not auto-save (save on button only),Completed,2026-06-16,Enter in a field no longer submits (sales/customer/expense forms); comboboxes still use Enter
Sales & Jobs,Upper & lower tech pickers based on location,Completed,2026-06-16,Advisor + upper + lower all location-filtered
Sales & Jobs,With-Service price calculation on negative value,Completed,2026-06-16,With Service floors at $0 and no longer hides with a negative service charge
Sales & Jobs,Make-filtered catalog auto-pricing in invoice snapshot,Completed,2026-06-16,Engine list filtered by vehicle Make (falls back to all)
Packages,Show only total price in jobs (no breakdown),Completed,2026-06-09,
Packages,Package qty change auto-updates price override,Completed,2026-06-05,
Packages,Add multiple packages to a job,Completed,2026-06-16,
Packages,Trans & Diff available inside packages in jobs,Completed,2026-06-16,
Packages,Match make to packages (e.g. Volvo shows only Volvo),Pending,,Packages searchable; automatic make-match pending
Packages,Friendlier delta popup text + fine-tune delta pricing,Completed,2026-06-16,Popup explains the upgrade/credit in plain language; delta still uses the part's extra_price
Customer & Vehicle,Email field on customer form,Completed,2026-06-01,
Customer & Vehicle,Salutation removed,Completed,2026-06-16,
Customer & Vehicle,Last name / Company name field,Completed,2026-06-16,
Customer & Vehicle,Customer type: Fleet or Single (dropdown),Completed,2026-06-16,
Customer & Vehicle,Card details in Billing (single card block),Completed,2026-06-16,
Customer & Vehicle,Mailing address + 'same as billing' checkbox,Completed,2026-06-16,
Customer & Vehicle,Default province = Ontario,Completed,2026-06-16,
Customer & Vehicle,Generic placeholders (not specific names),Completed,2026-06-16,
Customer & Vehicle,Phone fields (Cell / Business / Home),Completed,2026-06-16,
Customer & Vehicle,Submit button label 'Save' (customer + vehicle),Completed,2026-06-16,
Customer & Vehicle,'Save and add new job' button,Completed,2026-06-16,
Customer & Vehicle,Vehicle saved before jumping to new job,Completed,2026-06-16,
Customer & Vehicle,'Add vehicle' option highlighted (button),Completed,2026-06-16,
Customer & Vehicle,Duplicate vehicle plate / VIN blocked on save,Completed,2026-06-16,
Customer & Vehicle,Live customer-name duplicate warning,Completed,2026-06-16,Debounced 'similar customers exist' warning on the name field
Vendors & Expenses,Per-location vendor details + multiple accounts,Completed,2026-06-09,
Vendors & Expenses,Expenses/new: account selector per location,Completed,2026-06-09,
Vendors & Expenses,Expense unit cost supports sub-cent precision,Completed,2026-06-01,
Vendors & Expenses,Add parts from catalog in expenses + last buying price column,Completed,2026-06-16,
Vendors & Expenses,Expenses parts search by part # / brand / description,Completed,2026-06-16,
Invoices,"Per-location invoice header (address, HST number)",Completed,2026-06-09,
Invoices,Unified invoice parts table,Completed,2026-06-09,
Invoices,"Invoice cross-check: location, HST, time period",Completed,2026-06-09,
Oil Grid & Pricing,Oil-change grid shows engine oils only,Completed,2026-06-09,
Oil Grid & Pricing,Oils sorted alphabetically (sort order removed),Completed,2026-06-16,
Oil Grid & Pricing,Trans & Diff / print-list / all-filter price pages,In Progress,,Pages exist; per-Ltr / print details to confirm
Oil Grid & Pricing,Recheck Detroit DD13/DD15/DD16 15W40 pricing,Pending,,Data / pricing-accuracy review
Oil Grid & Pricing,Price match with source sheet (all-filter),Pending,,
Oil Grid & Pricing,Reconcile pricing mismatches,Pending,,
Oil Grid & Pricing,Only two columns for staffing in 15W40,Pending,,
Oil Grid & Pricing,Excel template to change bulk price,Pending,,
UI & Navigation,Sidebar reordered (Ops / Pricing / Finance),Completed,2026-06-09,
UI & Navigation,Search loaders / spinners,Completed,2026-06-09,
UI & Navigation,Profile page (edit name + change password),Completed,2026-06-01,
UI & Navigation,Login page cleanup,Completed,2026-06-06,
